"TimeInstant","position","presenceStatus:parking","type","id","latitude","longitude"
"2015-12-28T08:49:34.000Z","43.463083899,-3.801594079","true","urn:smartsantander:entityType:parkingSensor","urn:x-iot:smartsantander:u7jcfa:fixed:np3630","43.463083899","-3.801594079"
"2015-12-26T13:44:48.000Z","43.463077572,-3.801645711","true","urn:smartsantander:entityType:parkingSensor","urn:x-iot:smartsantander:u7jcfa:fixed:np3629","43.463077572","-3.801645711"
"2015-12-28T08:36:40.000Z","43.463072218,-3.801704049","true","urn:smartsantander:entityType:parkingSensor","urn:x-iot:smartsantander:u7jcfa:fixed:np3628","43.463072218","-3.801704049"
"2015-12-27T22:27:33.000Z","43.463064918,-3.801763058","true","urn:smartsantander:entityType:parkingSensor","urn:x-iot:smartsantander:u7jcfa:fixed:np3627","43.463064918","-3.801763058"
"2015-12-28T07:39:20.000Z","43.463061511,-3.801823407","true","urn:smartsantander:entityType:parkingSensor","urn:x-iot:smartsantander:u7jcfa:fixed:np3626","43.463061511","-3.801823407"
"2015-12-08T09:55:15.000Z","43.463054697,-3.801886439","true","urn:smartsantander:entityType:parkingSensor","urn:x-iot:smartsantander:u7jcfa:fixed:np3625","43.463054697","-3.801886439"
"2015-12-28T05:43:39.000Z","43.463048857,-3.801953495","true","urn:smartsantander:entityType:parkingSensor","urn:x-iot:smartsantander:u7jcfa:fixed:np3624","43.463048857","-3.801953495"
"2015-12-28T08:25:28.000Z","43.463042530,-3.802011833","true","urn:smartsantander:entityType:parkingSensor","urn:x-iot:smartsantander:u7jcfa:fixed:np3623","43.463042530","-3.802011833"
"2015-12-28T07:09:10.000Z","43.463036203,-3.802059442","true","urn:smartsantander:entityType:parkingSensor","urn:x-iot:smartsantander:u7jcfa:fixed:np3622","43.463036203","-3.802059442"
"2015-12-28T07:38:22.000Z","43.463029876,-3.802122474","true","urn:smartsantander:entityType:parkingSensor","urn:x-iot:smartsantander:u7jcfa:fixed:np3621","43.463029876","-3.802122474"
"2015-12-27T21:30:42.000Z","43.463023548,-3.802177459","true","urn:smartsantander:entityType:parkingSensor","urn:x-iot:smartsantander:u7jcfa:fixed:np3620","43.463023548","-3.802177459"
"2015-12-28T07:38:32.000Z","43.463017708,-3.802238479","true","urn:smartsantander:entityType:parkingSensor","urn:x-iot:smartsantander:u7jcfa:fixed:np3619","43.463017708","-3.802238479"
"2015-12-09T06:44:55.000Z","43.463010408,-3.802311569","true","urn:smartsantander:entityType:parkingSensor","urn:x-iot:smartsantander:u7jcfa:fixed:np3618","43.463010408","-3.802311569"
"2015-12-25T17:26:52.000Z","43.463007001,-3.802369237","true","urn:smartsantander:entityType:parkingSensor","urn:x-iot:smartsantander:u7jcfa:fixed:np3617","43.463007001","-3.802369237"
"2015-12-25T17:28:06.000Z","43.463002134,-3.802423552","true","urn:smartsantander:entityType:parkingSensor","urn:x-iot:smartsantander:u7jcfa:fixed:np3616","43.463002134","-3.802423552"
"2015-12-28T07:43:40.000Z","43.462925235,-3.803205416","true","urn:smartsantander:entityType:parkingSensor","urn:x-iot:smartsantander:u7jcfa:fixed:np3615","43.462925235","-3.803205416"
"2015-12-28T05:36:59.000Z","43.462917935,-3.803268448","true","urn:smartsantander:entityType:parkingSensor","urn:x-iot:smartsantander:u7jcfa:fixed:np3614","43.462917935","-3.803268448"
"2015-12-28T08:20:36.000Z","43.462913068,-3.803329468","true","urn:smartsantander:entityType:parkingSensor","urn:x-iot:smartsantander:u7jcfa:fixed:np3613","43.462913068","-3.803329468"
"2015-12-28T08:17:54.000Z","43.462907227,-3.803390488","true","urn:smartsantander:entityType:parkingSensor","urn:x-iot:smartsantander:u7jcfa:fixed:np3612","43.462907227","-3.803390488"
"2015-12-28T08:20:28.000Z","43.462899440,-3.803448156","true","urn:smartsantander:entityType:parkingSensor","urn:x-iot:smartsantander:u7jcfa:fixed:np3611","43.462899440","-3.803448156"
"2015-12-28T08:20:12.000Z","43.462893600,-3.803505152","true","urn:smartsantander:entityType:parkingSensor","urn:x-iot:smartsantander:u7jcfa:fixed:np3610","43.462893600","-3.803505152"
"2015-12-28T03:27:09.000Z","43.463096067,-3.798491433","false","urn:smartsantander:entityType:parkingSensor","urn:x-iot:smartsantander:u7jcfa:fixed:np3609","43.463096067","-3.798491433"
"2015-12-28T03:33:19.000Z","43.463091200,-3.798549101","true","urn:smartsantander:entityType:parkingSensor","urn:x-iot:smartsantander:u7jcfa:fixed:np3608","43.463091200","-3.798549101"
"2015-12-28T07:20:24.000Z","43.463083899,-3.798620179","true","urn:smartsantander:entityType:parkingSensor","urn:x-iot:smartsantander:u7jcfa:fixed:np3607","43.463083899","-3.798620179"
"2015-12-28T07:07:50.000Z","43.463079032,-3.798686564","false","urn:smartsantander:entityType:parkingSensor","urn:x-iot:smartsantander:u7jcfa:fixed:np3606","43.463079032","-3.798686564"
"2015-12-28T05:55:36.000Z","43.463072705,-3.798752278","false","urn:smartsantander:entityType:parkingSensor","urn:x-iot:smartsantander:u7jcfa:fixed:np3605","43.463072705","-3.798752278"
"2015-12-28T06:25:28.000Z","43.463066378,-3.798816651","false","urn:smartsantander:entityType:parkingSensor","urn:x-iot:smartsantander:u7jcfa:fixed:np3604","43.463066378","-3.798816651"
"2015-12-28T06:43:23.000Z","43.463060051,-3.798878342","false","urn:smartsantander:entityType:parkingSensor","urn:x-iot:smartsantander:u7jcfa:fixed:np3603","43.463060051","-3.798878342"
"2015-12-28T07:10:42.000Z","43.463055671,-3.798923269","true","urn:smartsantander:entityType:parkingSensor","urn:x-iot:smartsantander:u7jcfa:fixed:np3602","43.463055671","-3.798923269"
"2015-12-28T07:00:42.000Z","43.463051290,-3.798970208","false","urn:smartsantander:entityType:parkingSensor","urn:x-iot:smartsantander:u7jcfa:fixed:np3601","43.463051290","-3.798970208"
"1970-01-01T00:00:08.000Z","43.463653686,-3.798428383","true","urn:smartsantander:entityType:parkingSensor","urn:x-iot:smartsantander:u7jcfa:fixed:np3750","43.463653686","-3.798428383"
"2015-12-27T21:56:47.000Z","43.463748592,-3.798441123","false","urn:smartsantander:entityType:parkingSensor","urn:x-iot:smartsantander:u7jcfa:fixed:np3749","43.463748592","-3.798441123"
"2015-12-25T17:04:28.000Z","43.463792881,-3.798441123","true","urn:smartsantander:entityType:parkingSensor","urn:x-iot:smartsantander:u7jcfa:fixed:np3748","43.463792881","-3.798441123"
"2015-12-28T01:45:25.000Z","43.463622051,-3.798421677","false","urn:smartsantander:entityType:parkingSensor","urn:x-iot:smartsantander:u7jcfa:fixed:np3751","43.463622051","-3.798421677"
"2015-12-27T20:28:23.000Z","43.462713520,-3.799576387","true","urn:smartsantander:entityType:parkingSensor","urn:x-iot:smartsantander:u7jcfa:fixed:np3826","43.462713520","-3.799576387"
"2015-12-27T08:16:23.000Z","43.462758783,-3.799583763","true","urn:smartsantander:entityType:parkingSensor","urn:x-iot:smartsantander:u7jcfa:fixed:np3825","43.462758783","-3.799583763"
"2015-12-27T21:28:48.000Z","43.462803073,-3.799592480","true","urn:smartsantander:entityType:parkingSensor","urn:x-iot:smartsantander:u7jcfa:fixed:np3824","43.462803073","-3.799592480"
"2015-12-28T08:20:12.000Z","43.462844443,-3.799601197","true","urn:smartsantander:entityType:parkingSensor","urn:x-iot:smartsantander:u7jcfa:fixed:np3823","43.462844443","-3.799601197"
"2015-12-28T07:50:02.000Z","43.462884839,-3.799608573","true","urn:smartsantander:entityType:parkingSensor","urn:x-iot:smartsantander:u7jcfa:fixed:np3822","43.462884839","-3.799608573"
"2015-12-24T11:40:34.000Z","43.463411933,-3.799704462","true","urn:smartsantander:entityType:parkingSensor","urn:x-iot:smartsantander:u7jcfa:fixed:np3819","43.463411933","-3.799704462"
"2015-12-24T22:36:14.000Z","43.463452329,-3.799711838","true","urn:smartsantander:entityType:parkingSensor","urn:x-iot:smartsantander:u7jcfa:fixed:np3818","43.463452329","-3.799711838"
"2015-07-26T20:42:58.000Z","43.463492725,-3.799720556","true","urn:smartsantander:entityType:parkingSensor","urn:x-iot:smartsantander:u7jcfa:fixed:np3817","43.463492725","-3.799720556"
"2015-12-27T23:45:01.000Z","43.463539447,-3.799729273","true","urn:smartsantander:entityType:parkingSensor","urn:x-iot:smartsantander:u7jcfa:fixed:np3816","43.463539447","-3.799729273"
"2015-12-28T00:00:24.000Z","43.463584223,-3.799735978","false","urn:smartsantander:entityType:parkingSensor","urn:x-iot:smartsantander:u7jcfa:fixed:np3815","43.463584223","-3.799735978"
"2015-12-27T20:37:23.000Z","43.463627052,-3.799744025","true","urn:smartsantander:entityType:parkingSensor","urn:x-iot:smartsantander:u7jcfa:fixed:np3814","43.463627052","-3.799744025"
"2015-12-27T15:27:37.000Z","43.463868939,-3.799785599","true","urn:smartsantander:entityType:parkingSensor","urn:x-iot:smartsantander:u7jcfa:fixed:np3813","43.463868939","-3.799785599"
"2015-12-27T21:04:40.000Z","43.463910795,-3.799792305","true","urn:smartsantander:entityType:parkingSensor","urn:x-iot:smartsantander:u7jcfa:fixed:np3812","43.463910795","-3.799792305"
"2015-12-27T04:08:21.000Z","43.463952163,-3.799803033","true","urn:smartsantander:entityType:parkingSensor","urn:x-iot:smartsantander:u7jcfa:fixed:np3811","43.463952163","-3.799803033"
"2015-12-25T07:39:10.000Z","43.463992072,-3.799808398","true","urn:smartsantander:entityType:parkingSensor","urn:x-iot:smartsantander:u7jcfa:fixed:np3810","43.463992072","-3.799808398"
"2015-12-24T05:36:49.000Z","43.464043175,-3.799815103","true","urn:smartsantander:entityType:parkingSensor","urn:x-iot:smartsantander:u7jcfa:fixed:np3809","43.464043175","-3.799815103"
"2015-12-28T03:38:22.000Z","43.464083083,-3.799821809","true","urn:smartsantander:entityType:parkingSensor","urn:x-iot:smartsantander:u7jcfa:fixed:np3808","43.464083083","-3.799821809"
"2015-12-22T12:04:07.000Z","43.464125912,-3.799827844","true","urn:smartsantander:entityType:parkingSensor","urn:x-iot:smartsantander:u7jcfa:fixed:np3807","43.464125912","-3.799827844"
"2015-12-27T19:50:45.000Z","43.464162901,-3.799839243","true","urn:smartsantander:entityType:parkingSensor","urn:x-iot:smartsantander:u7jcfa:fixed:np3806","43.464162901","-3.799839243"
"2015-12-22T09:11:18.000Z","43.464202322,-3.799846619","true","urn:smartsantander:entityType:parkingSensor","urn:x-iot:smartsantander:u7jcfa:fixed:np3805","43.464202322","-3.799846619"
"2015-12-28T06:42:36.000Z","43.462714980,-3.799510002","true","urn:smartsantander:entityType:parkingSensor","urn:x-iot:smartsantander:u7jcfa:fixed:np3803","43.462714980","-3.799510002"
"2015-12-27T18:25:16.000Z","43.462761704,-3.799518049","true","urn:smartsantander:entityType:parkingSensor","urn:x-iot:smartsantander:u7jcfa:fixed:np3802","43.462761704","-3.799518049"
"2015-12-27T19:11:00.000Z","43.462820108,-3.799528778","true","urn:smartsantander:entityType:parkingSensor","urn:x-iot:smartsantander:u7jcfa:fixed:np3801","43.462820108","-3.799528778"
"2015-12-28T08:12:34.000Z","43.462863911,-3.799538836","false","urn:smartsantander:entityType:parkingSensor","urn:x-iot:smartsantander:u7jcfa:fixed:np3800","43.462863911","-3.799538836"
"2015-12-21T17:36:22.000Z","43.462904794,-3.799544200","true","urn:smartsantander:entityType:parkingSensor","urn:x-iot:smartsantander:u7jcfa:fixed:np3799","43.462904794","-3.799544200"
"2015-12-16T07:23:43.000Z","43.463877213,-3.799724579","true","urn:smartsantander:entityType:parkingSensor","urn:x-iot:smartsantander:u7jcfa:fixed:np3788","43.463877213","-3.799724579"
"2015-12-28T00:38:28.000Z","43.463914688,-3.799733967","false","urn:smartsantander:entityType:parkingSensor","urn:x-iot:smartsantander:u7jcfa:fixed:np3787","43.463914688","-3.799733967"
"2015-12-24T16:46:36.000Z","43.463958490,-3.799741343","true","urn:smartsantander:entityType:parkingSensor","urn:x-iot:smartsantander:u7jcfa:fixed:np3786","43.463958490","-3.799741343"
"2015-12-20T19:52:55.000Z","43.463996452,-3.799746037","true","urn:smartsantander:entityType:parkingSensor","urn:x-iot:smartsantander:u7jcfa:fixed:np3785","43.463996452","-3.799746037"
"2015-12-26T12:47:54.000Z","43.464036848,-3.799751401","true","urn:smartsantander:entityType:parkingSensor","urn:x-iot:smartsantander:u7jcfa:fixed:np3784","43.464036848","-3.799751401"
"2015-12-25T11:18:40.000Z","43.464080163,-3.799762130","true","urn:smartsantander:entityType:parkingSensor","urn:x-iot:smartsantander:u7jcfa:fixed:np3783","43.464080163","-3.799762130"
"2015-12-28T05:31:45.000Z","43.464119585,-3.799768835","true","urn:smartsantander:entityType:parkingSensor","urn:x-iot:smartsantander:u7jcfa:fixed:np3782","43.464119585","-3.799768835"
"2015-12-27T01:05:30.000Z","43.464159980,-3.799778223","true","urn:smartsantander:entityType:parkingSensor","urn:x-iot:smartsantander:u7jcfa:fixed:np3781","43.464159980","-3.799778223"
"2015-12-22T10:25:55.000Z","43.464200376,-3.799782917","true","urn:smartsantander:entityType:parkingSensor","urn:x-iot:smartsantander:u7jcfa:fixed:np3780","43.464200376","-3.799782917"
"2015-12-16T08:42:12.000Z","43.464245638,-3.799787611","true","urn:smartsantander:entityType:parkingSensor","urn:x-iot:smartsantander:u7jcfa:fixed:np3779","43.464245638","-3.799787611"
"2015-12-28T00:01:12.000Z","43.462829842,-3.798339218","false","urn:smartsantander:entityType:parkingSensor","urn:x-iot:smartsantander:u7jcfa:fixed:np3778","43.462829842","-3.798339218"
"2015-12-28T00:01:16.000Z","43.462873645,-3.798347935","false","urn:smartsantander:entityType:parkingSensor","urn:x-iot:smartsantander:u7jcfa:fixed:np3777","43.462873645","-3.798347935"
"2015-12-27T09:20:06.000Z","43.462913068,-3.798353970","true","urn:smartsantander:entityType:parkingSensor","urn:x-iot:smartsantander:u7jcfa:fixed:np3776","43.462913068","-3.798353970"
"2015-12-28T04:32:35.000Z","43.462950543,-3.798360676","true","urn:smartsantander:entityType:parkingSensor","urn:x-iot:smartsantander:u7jcfa:fixed:np3775","43.462950543","-3.798360676"
"2015-12-26T12:06:30.000Z","43.462979259,-3.798364699","true","urn:smartsantander:entityType:parkingSensor","urn:x-iot:smartsantander:u7jcfa:fixed:np3774","43.462979259","-3.798364699"
"2015-12-27T22:56:33.000Z","43.463038483,-3.798377064","true","urn:smartsantander:entityType:parkingSensor","urn:x-iot:smartsantander:u7jcfa:fixed:np3773","43.463038483","-3.798377064"
"2015-12-28T07:02:56.000Z","43.463224888,-3.798410591","false","urn:smartsantander:entityType:parkingSensor","urn:x-iot:smartsantander:u7jcfa:fixed:np3772","43.463224888","-3.798410591"
"2015-12-28T06:17:27.000Z","43.463267871,-3.798417002","false","urn:smartsantander:entityType:parkingSensor","urn:x-iot:smartsantander:u7jcfa:fixed:np3771","43.463267871","-3.798417002"
"2015-12-26T13:40:40.000Z","43.463313467,-3.798429367","true","urn:smartsantander:entityType:parkingSensor","urn:x-iot:smartsantander:u7jcfa:fixed:np3770","43.463313467","-3.798429367"
"2015-12-26T10:20:36.000Z","43.463344615,-3.798433390","true","urn:smartsantander:entityType:parkingSensor","urn:x-iot:smartsantander:u7jcfa:fixed:np3769","43.463344615","-3.798433390"
"2015-12-28T06:16:53.000Z","43.463381604,-3.798441437","false","urn:smartsantander:entityType:parkingSensor","urn:x-iot:smartsantander:u7jcfa:fixed:np3768","43.463381604","-3.798441437"
"2015-12-27T20:02:17.000Z","43.462885000,-3.798283000","true","urn:smartsantander:entityType:parkingSensor","urn:x-iot:smartsantander:u7jcfa:fixed:np3767","43.462885000","-3.798283000"
"2015-12-27T13:10:59.000Z","43.462931000,-3.798293000","true","urn:smartsantander:entityType:parkingSensor","urn:x-iot:smartsantander:u7jcfa:fixed:np3766","43.462931000","-3.798293000"
"2015-12-27T22:08:11.000Z","43.462978000,-3.798300000","false","urn:smartsantander:entityType:parkingSensor","urn:x-iot:smartsantander:u7jcfa:fixed:np3765","43.462978000","-3.798300000"
"2015-12-27T23:25:01.000Z","43.463014000,-3.798306000","true","urn:smartsantander:entityType:parkingSensor","urn:x-iot:smartsantander:u7jcfa:fixed:np3764","43.463014000","-3.798306000"
"2015-12-27T23:25:01.000Z","43.463036000,-3.798312000","true","urn:smartsantander:entityType:parkingSensor","urn:x-iot:smartsantander:u7jcfa:fixed:np3763","43.463036000","-3.798312000"
"2015-12-28T07:14:47.000Z","43.463233315,-3.798347265","false","urn:smartsantander:entityType:parkingSensor","urn:x-iot:smartsantander:u7jcfa:fixed:np3762","43.463233315","-3.798347265"
"2015-12-25T22:08:12.000Z","43.463275658,-3.798354641","true","urn:smartsantander:entityType:parkingSensor","urn:x-iot:smartsantander:u7jcfa:fixed:np3761","43.463275658","-3.798354641"
"2015-12-24T11:41:44.000Z","43.463306807,-3.798360005","true","urn:smartsantander:entityType:parkingSensor","urn:x-iot:smartsantander:u7jcfa:fixed:np3760","43.463306807","-3.798360005"
"2015-11-28T00:05:06.000Z","43.463341362,-3.798369393","true","urn:smartsantander:entityType:parkingSensor","urn:x-iot:smartsantander:u7jcfa:fixed:np3759","43.463341362","-3.798369393"
"2015-11-19T09:55:20.000Z","43.463382245,-3.798376769","true","urn:smartsantander:entityType:parkingSensor","urn:x-iot:smartsantander:u7jcfa:fixed:np3758","43.463382245","-3.798376769"
"2015-12-28T00:13:58.000Z","43.463573516,-3.798475340","false","urn:smartsantander:entityType:parkingSensor","urn:x-iot:smartsantander:u7jcfa:fixed:np3757","43.463573516","-3.798475340"
"2015-12-27T22:31:35.000Z","43.463611965,-3.798482716","true","urn:smartsantander:entityType:parkingSensor","urn:x-iot:smartsantander:u7jcfa:fixed:np3756","43.463611965","-3.798482716"
"2015-12-05T13:33:20.000Z","43.463651874,-3.798492104","true","urn:smartsantander:entityType:parkingSensor","urn:x-iot:smartsantander:u7jcfa:fixed:np3755","43.463651874","-3.798492104"
"2015-12-21T09:08:47.000Z","43.463746139,-3.798507821","true","urn:smartsantander:entityType:parkingSensor","urn:x-iot:smartsantander:u7jcfa:fixed:np3754","43.463746139","-3.798507821"
"2015-12-27T18:59:46.000Z","43.463790915,-3.798515198","true","urn:smartsantander:entityType:parkingSensor","urn:x-iot:smartsantander:u7jcfa:fixed:np3753","43.463790915","-3.798515198"
"2015-12-27T21:43:12.000Z","43.464128192,-3.798515198","true","urn:smartsantander:entityType:parkingSensor","urn:x-iot:smartsantander:u7jcfa:fixed:np3747","43.464128192","-3.798515198"
"2015-12-27T19:04:08.000Z","43.464079523,-3.798507151","true","urn:smartsantander:entityType:parkingSensor","urn:x-iot:smartsantander:u7jcfa:fixed:np3745","43.464079523","-3.798507151"
"2015-12-23T18:54:02.000Z","43.464045941,-3.798497093","true","urn:smartsantander:entityType:parkingSensor","urn:x-iot:smartsantander:u7jcfa:fixed:np3746","43.464045941","-3.798497093"
"2015-12-27T23:07:27.000Z","43.464006033,-3.798488375","false","urn:smartsantander:entityType:parkingSensor","urn:x-iot:smartsantander:u7jcfa:fixed:np3744","43.464006033","-3.798488375"
"2015-12-27T22:26:31.000Z","43.464210929,-3.798524585","false","urn:smartsantander:entityType:parkingSensor","urn:x-iot:smartsantander:u7jcfa:fixed:np3743","43.464210929","-3.798524585"
"2015-12-27T22:26:15.000Z","43.464256678,-3.798535314","true","urn:smartsantander:entityType:parkingSensor","urn:x-iot:smartsantander:u7jcfa:fixed:np3742","43.464256678","-3.798535314"
"2015-12-05T01:04:16.000Z","43.464293666,-3.798539337","true","urn:smartsantander:entityType:parkingSensor","urn:x-iot:smartsantander:u7jcfa:fixed:np3741","43.464293666","-3.798539337"
"2015-12-03T07:58:34.000Z","43.464326761,-3.798543361","true","urn:smartsantander:entityType:parkingSensor","urn:x-iot:smartsantander:u7jcfa:fixed:np3740","43.464326761","-3.798543361"
"2015-12-27T23:37:31.000Z","43.464362776,-3.798550066","false","urn:smartsantander:entityType:parkingSensor","urn:x-iot:smartsantander:u7jcfa:fixed:np3739","43.464362776","-3.798550066"
"1970-01-01T00:00:08.000Z","43.462670204,-3.798541725","true","urn:smartsantander:entityType:parkingSensor","urn:x-iot:smartsantander:u7jcfa:fixed:np3738","43.462670204","-3.798541725"
"2015-12-09T14:33:45.000Z","43.462664850,-3.798610121","true","urn:smartsantander:entityType:parkingSensor","urn:x-iot:smartsantander:u7jcfa:fixed:np3737","43.462664850","-3.798610121"
"1970-01-01T00:00:08.000Z","43.462658036,-3.798664436","true","urn:smartsantander:entityType:parkingSensor","urn:x-iot:smartsantander:u7jcfa:fixed:np3736","43.462658036","-3.798664436"
"1970-01-01T00:00:08.000Z","43.462652196,-3.798711374","true","urn:smartsantander:entityType:parkingSensor","urn:x-iot:smartsantander:u7jcfa:fixed:np3735","43.462652196","-3.798711374"
"1970-01-01T00:00:08.000Z","43.462646355,-3.798787817","true","urn:smartsantander:entityType:parkingSensor","urn:x-iot:smartsantander:u7jcfa:fixed:np3734","43.462646355","-3.798787817"
"2015-12-28T07:48:40.000Z","43.462641975,-3.798849508","false","urn:smartsantander:entityType:parkingSensor","urn:x-iot:smartsantander:u7jcfa:fixed:np3733","43.462641975","-3.798849508"
"2015-12-15T07:27:12.000Z","43.462636135,-3.798919246","true","urn:smartsantander:entityType:parkingSensor","urn:x-iot:smartsantander:u7jcfa:fixed:np3732","43.462636135","-3.798919246"
"2015-12-28T07:38:42.000Z","43.462621534,-3.799056709","true","urn:smartsantander:entityType:parkingSensor","urn:x-iot:smartsantander:u7jcfa:fixed:np3731","43.462621534","-3.799056709"
"2015-12-26T15:07:58.000Z","43.462613260,-3.799142540","true","urn:smartsantander:entityType:parkingSensor","urn:x-iot:smartsantander:u7jcfa:fixed:np3730","43.462613260","-3.799142540"
"2015-12-28T08:50:06.000Z","43.462602065,-3.799237758","false","urn:smartsantander:entityType:parkingSensor","urn:x-iot:smartsantander:u7jcfa:fixed:np3729","43.462602065","-3.799237758"
"2015-12-20T07:16:30.000Z","43.462593791,-3.799314871","true","urn:smartsantander:entityType:parkingSensor","urn:x-iot:smartsantander:u7jcfa:fixed:np3728","43.462593791","-3.799314871"
"2015-12-28T07:01:02.000Z","43.462561182,-3.799685687","true","urn:smartsantander:entityType:parkingSensor","urn:x-iot:smartsantander:u7jcfa:fixed:np3727","43.462561182","-3.799685687"
"2015-12-28T07:01:04.000Z","43.462553882,-3.799740002","true","urn:smartsantander:entityType:parkingSensor","urn:x-iot:smartsantander:u7jcfa:fixed:np3726","43.462553882","-3.799740002"
"2015-12-28T08:43:30.000Z","43.462548041,-3.799799681","true","urn:smartsantander:entityType:parkingSensor","urn:x-iot:smartsantander:u7jcfa:fixed:np3725","43.462548041","-3.799799681"
"2015-12-28T08:38:38.000Z","43.462543174,-3.799860030","true","urn:smartsantander:entityType:parkingSensor","urn:x-iot:smartsantander:u7jcfa:fixed:np3724","43.462543174","-3.799860030"
"2015-12-28T08:39:06.000Z","43.462539767,-3.799912333","false","urn:smartsantander:entityType:parkingSensor","urn:x-iot:smartsantander:u7jcfa:fixed:np3723","43.462539767","-3.799912333"
"2015-12-28T08:19:48.000Z","43.462531007,-3.799981400","true","urn:smartsantander:entityType:parkingSensor","urn:x-iot:smartsantander:u7jcfa:fixed:np3722","43.462531007","-3.799981400"
"2015-11-22T06:54:18.000Z","43.462510079,-3.800196648","true","urn:smartsantander:entityType:parkingSensor","urn:x-iot:smartsantander:u7jcfa:fixed:np3721","43.462510079","-3.800196648"
"2015-12-28T08:34:26.000Z","43.462504725,-3.800259009","true","urn:smartsantander:entityType:parkingSensor","urn:x-iot:smartsantander:u7jcfa:fixed:np3720","43.462504725","-3.800259009"
"2015-12-28T07:23:28.000Z","43.462499858,-3.800310642","false","urn:smartsantander:entityType:parkingSensor","urn:x-iot:smartsantander:u7jcfa:fixed:np3719","43.462499858","-3.800310642"
"2015-12-28T08:36:08.000Z","43.462494991,-3.800364956","true","urn:smartsantander:entityType:parkingSensor","urn:x-iot:smartsantander:u7jcfa:fixed:np3718","43.462494991","-3.800364956"
"2015-12-27T20:48:02.000Z","43.462490610,-3.800424635","true","urn:smartsantander:entityType:parkingSensor","urn:x-iot:smartsantander:u7jcfa:fixed:np3717","43.462490610","-3.800424635"
"2015-12-28T07:01:54.000Z","43.462481850,-3.800479621","true","urn:smartsantander:entityType:parkingSensor","urn:x-iot:smartsantander:u7jcfa:fixed:np3716","43.462481850","-3.800479621"
"2015-12-26T08:34:06.000Z","43.462479903,-3.800532594","true","urn:smartsantander:entityType:parkingSensor","urn:x-iot:smartsantander:u7jcfa:fixed:np3715","43.462479903","-3.800532594"
"2015-12-28T06:55:20.000Z","43.462474549,-3.800586909","true","urn:smartsantander:entityType:parkingSensor","urn:x-iot:smartsantander:u7jcfa:fixed:np3714","43.462474549","-3.800586909"
"2015-12-20T12:31:17.000Z","43.462466762,-3.800666034","true","urn:smartsantander:entityType:parkingSensor","urn:x-iot:smartsantander:u7jcfa:fixed:np3713","43.462466762","-3.800666034"
"2015-12-28T06:59:00.000Z","43.462459461,-3.800733089","true","urn:smartsantander:entityType:parkingSensor","urn:x-iot:smartsantander:u7jcfa:fixed:np3712","43.462459461","-3.800733089"
"2015-12-27T21:36:42.000Z","43.462453134,-3.800784051","true","urn:smartsantander:entityType:parkingSensor","urn:x-iot:smartsantander:u7jcfa:fixed:np3711","43.462453134","-3.800784051"
"2015-12-27T19:27:52.000Z","43.462449727,-3.800837696","true","urn:smartsantander:entityType:parkingSensor","urn:x-iot:smartsantander:u7jcfa:fixed:np3710","43.462449727","-3.800837696"
"2015-12-28T06:09:50.000Z","43.462443887,-3.800888658","true","urn:smartsantander:entityType:parkingSensor","urn:x-iot:smartsantander:u7jcfa:fixed:np3709","43.462443887","-3.800888658"
"2015-12-28T06:45:34.000Z","43.462438533,-3.800951689","true","urn:smartsantander:entityType:parkingSensor","urn:x-iot:smartsantander:u7jcfa:fixed:np3708","43.462438533","-3.800951689"
"2014-09-04T08:51:23.000Z","43.462433179,-3.801003322","true","urn:smartsantander:entityType:parkingSensor","urn:x-iot:smartsantander:u7jcfa:fixed:np3707","43.462433179","-3.801003322"
"2015-10-29T09:29:38.000Z","43.462588438,-3.800735772","true","urn:smartsantander:entityType:parkingSensor","urn:x-iot:smartsantander:u7jcfa:fixed:np3706","43.462588438","-3.800735772"
"2015-09-20T05:07:20.000Z","43.462627374,-3.800745830","true","urn:smartsantander:entityType:parkingSensor","urn:x-iot:smartsantander:u7jcfa:fixed:np3705","43.462627374","-3.800745830"
"2015-12-28T08:41:46.000Z","43.462662903,-3.800746500","false","urn:smartsantander:entityType:parkingSensor","urn:x-iot:smartsantander:u7jcfa:fixed:np3704","43.462662903","-3.800746500"
"2015-12-28T08:31:50.000Z","43.462695512,-3.800756559","false","urn:smartsantander:entityType:parkingSensor","urn:x-iot:smartsantander:u7jcfa:fixed:np3703","43.462695512","-3.800756559"
"2015-12-27T18:44:24.000Z","43.462743209,-3.800763264","true","urn:smartsantander:entityType:parkingSensor","urn:x-iot:smartsantander:u7jcfa:fixed:np3702","43.462743209","-3.800763264"
"2015-12-28T08:47:22.000Z","43.462785065,-3.800771311","true","urn:smartsantander:entityType:parkingSensor","urn:x-iot:smartsantander:u7jcfa:fixed:np3701","43.462785065","-3.800771311"
"2015-12-27T22:31:39.000Z","43.463585234,-3.797182140","false","urn:smartsantander:entityType:parkingSensor","urn:x-iot:smartsantander:u7jcfa:fixed:np3700","43.463585234","-3.797182140"
"2015-12-28T06:30:08.000Z","43.463579880,-3.797238466","false","urn:smartsantander:entityType:parkingSensor","urn:x-iot:smartsantander:u7jcfa:fixed:np3699","43.463579880","-3.797238466"
"2015-12-28T03:35:00.000Z","43.463571606,-3.797328991","false","urn:smartsantander:entityType:parkingSensor","urn:x-iot:smartsantander:u7jcfa:fixed:np3698","43.463571606","-3.797328991"
"2015-12-26T12:50:18.000Z","43.463045937,-3.799028546","true","urn:smartsantander:entityType:parkingSensor","urn:x-iot:smartsantander:u7jcfa:fixed:np3600","43.463045937","-3.799028546"
"2015-12-28T07:28:04.000Z","43.463564306,-3.797404763","false","urn:smartsantander:entityType:parkingSensor","urn:x-iot:smartsantander:u7jcfa:fixed:np3697","43.463564306","-3.797404763"
"2015-12-26T08:30:46.000Z","43.463554286,-3.797485229","true","urn:smartsantander:entityType:parkingSensor","urn:x-iot:smartsantander:u7jcfa:fixed:np3696","43.463554286","-3.797485229"
"2015-12-26T12:49:56.000Z","43.463548695,-3.797543943","true","urn:smartsantander:entityType:parkingSensor","urn:x-iot:smartsantander:u7jcfa:fixed:np3695","43.463548695","-3.797543943"
"2015-12-28T05:47:11.000Z","43.463541394,-3.797606975","true","urn:smartsantander:entityType:parkingSensor","urn:x-iot:smartsantander:u7jcfa:fixed:np3694","43.463541394","-3.797606975"
"2015-12-27T15:28:25.000Z","43.463537987,-3.797670007","true","urn:smartsantander:entityType:parkingSensor","urn:x-iot:smartsantander:u7jcfa:fixed:np3693","43.463537987","-3.797670007"
"2015-12-25T19:26:59.000Z","43.463530687,-3.797739074","true","urn:smartsantander:entityType:parkingSensor","urn:x-iot:smartsantander:u7jcfa:fixed:np3692","43.463530687","-3.797739074"
"2015-12-26T08:43:20.000Z","43.463525571,-3.797786307","true","urn:smartsantander:entityType:parkingSensor","urn:x-iot:smartsantander:u7jcfa:fixed:np3691","43.463525571","-3.797786307"
"2015-12-22T17:00:50.000Z","43.463519731,-3.797844645","true","urn:smartsantander:entityType:parkingSensor","urn:x-iot:smartsantander:u7jcfa:fixed:np3690","43.463519731","-3.797844645"
"2015-12-27T19:30:56.000Z","43.463513653,-3.797902688","true","urn:smartsantander:entityType:parkingSensor","urn:x-iot:smartsantander:u7jcfa:fixed:np3689","43.463513653","-3.797902688"
"2015-12-25T00:15:29.000Z","43.463508786,-3.797955662","true","urn:smartsantander:entityType:parkingSensor","urn:x-iot:smartsantander:u7jcfa:fixed:np3688","43.463508786","-3.797955662"
"2015-12-27T20:22:59.000Z","43.463505379,-3.798003942","true","urn:smartsantander:entityType:parkingSensor","urn:x-iot:smartsantander:u7jcfa:fixed:np3687","43.463505379","-3.798003942"
"2015-12-26T18:20:03.000Z","43.463489318,-3.798180297","true","urn:smartsantander:entityType:parkingSensor","urn:x-iot:smartsantander:u7jcfa:fixed:np3686","43.463489318","-3.798180297"
"2015-11-12T07:05:06.000Z","43.463481044,-3.798231259","true","urn:smartsantander:entityType:parkingSensor","urn:x-iot:smartsantander:u7jcfa:fixed:np3685","43.463481044","-3.798231259"
"2015-12-27T17:29:21.000Z","43.463473257,-3.798285574","true","urn:smartsantander:entityType:parkingSensor","urn:x-iot:smartsantander:u7jcfa:fixed:np3684","43.463473257","-3.798285574"
"2015-12-26T10:05:44.000Z","43.463435781,-3.798706681","true","urn:smartsantander:entityType:parkingSensor","urn:x-iot:smartsantander:u7jcfa:fixed:np3683","43.463435781","-3.798706681"
"2015-12-26T18:47:32.000Z","43.463429454,-3.798771724","true","urn:smartsantander:entityType:parkingSensor","urn:x-iot:smartsantander:u7jcfa:fixed:np3682","43.463429454","-3.798771724"
"2015-12-28T02:54:36.000Z","43.463424101,-3.798832744","false","urn:smartsantander:entityType:parkingSensor","urn:x-iot:smartsantander:u7jcfa:fixed:np3681","43.463424101","-3.798832744"
"2015-12-27T20:35:53.000Z","43.463417287,-3.798897788","true","urn:smartsantander:entityType:parkingSensor","urn:x-iot:smartsantander:u7jcfa:fixed:np3680","43.463417287","-3.798897788"
"2015-12-27T21:53:21.000Z","43.463410960,-3.798966184","true","urn:smartsantander:entityType:parkingSensor","urn:x-iot:smartsantander:u7jcfa:fixed:np3679","43.463410960","-3.798966184"
"2015-11-30T17:44:02.000Z","43.463405119,-3.799027205","true","urn:smartsantander:entityType:parkingSensor","urn:x-iot:smartsantander:u7jcfa:fixed:np3678","43.463405119","-3.799027205"
"2015-12-27T23:28:11.000Z","43.463399279,-3.799084872","false","urn:smartsantander:entityType:parkingSensor","urn:x-iot:smartsantander:u7jcfa:fixed:np3677","43.463399279","-3.799084872"
"2015-12-28T00:04:10.000Z","43.463391427,-3.799142540","false","urn:smartsantander:entityType:parkingSensor","urn:x-iot:smartsantander:u7jcfa:fixed:np3676","43.463391427","-3.799142540"
"2015-12-27T12:36:56.000Z","43.463385587,-3.799212277","true","urn:smartsantander:entityType:parkingSensor","urn:x-iot:smartsantander:u7jcfa:fixed:np3675","43.463385587","-3.799212277"
"2015-12-27T14:57:25.000Z","43.463381693,-3.799280673","true","urn:smartsantander:entityType:parkingSensor","urn:x-iot:smartsantander:u7jcfa:fixed:np3674","43.463381693","-3.799280673"
"2015-12-27T21:32:52.000Z","43.463373906,-3.799339682","true","urn:smartsantander:entityType:parkingSensor","urn:x-iot:smartsantander:u7jcfa:fixed:np3673","43.463373906","-3.799339682"
"2015-12-27T23:36:57.000Z","43.463366119,-3.799398690","true","urn:smartsantander:entityType:parkingSensor","urn:x-iot:smartsantander:u7jcfa:fixed:np3672","43.463366119","-3.799398690"
"2015-12-27T22:52:59.000Z","43.462969525,-3.799819127","true","urn:smartsantander:entityType:parkingSensor","urn:x-iot:smartsantander:u7jcfa:fixed:np3671","43.462969525","-3.799819127"
"2015-12-28T07:27:58.000Z","43.462963684,-3.799872100","true","urn:smartsantander:entityType:parkingSensor","urn:x-iot:smartsantander:u7jcfa:fixed:np3670","43.462963684","-3.799872100"
"2015-12-28T00:29:42.000Z","43.462957844,-3.799939826","true","urn:smartsantander:entityType:parkingSensor","urn:x-iot:smartsantander:u7jcfa:fixed:np3669","43.462957844","-3.799939826"
"2015-12-28T07:40:34.000Z","43.462951517,-3.800004870","true","urn:smartsantander:entityType:parkingSensor","urn:x-iot:smartsantander:u7jcfa:fixed:np3668","43.462951517","-3.800004870"
"2015-12-28T07:07:50.000Z","43.462945190,-3.800069243","true","urn:smartsantander:entityType:parkingSensor","urn:x-iot:smartsantander:u7jcfa:fixed:np3667","43.462945190","-3.800069243"
"2015-12-28T07:15:56.000Z","43.462938863,-3.800132275","true","urn:smartsantander:entityType:parkingSensor","urn:x-iot:smartsantander:u7jcfa:fixed:np3666","43.462938863","-3.800132275"
"2015-12-20T20:11:10.000Z","43.462934969,-3.800193295","true","urn:smartsantander:entityType:parkingSensor","urn:x-iot:smartsantander:u7jcfa:fixed:np3665","43.462934969","-3.800193295"
"2015-12-28T08:34:10.000Z","43.462928155,-3.800252303","true","urn:smartsantander:entityType:parkingSensor","urn:x-iot:smartsantander:u7jcfa:fixed:np3664","43.462928155","-3.800252303"
"2015-12-25T10:03:32.000Z","43.462921828,-3.800319359","true","urn:smartsantander:entityType:parkingSensor","urn:x-iot:smartsantander:u7jcfa:fixed:np3663","43.462921828","-3.800319359"
"2015-12-23T20:55:27.000Z","43.462916961,-3.800375015","true","urn:smartsantander:entityType:parkingSensor","urn:x-iot:smartsantander:u7jcfa:fixed:np3662","43.462916961","-3.800375015"
"2015-12-26T19:52:16.000Z","43.462910634,-3.800435364","true","urn:smartsantander:entityType:parkingSensor","urn:x-iot:smartsantander:u7jcfa:fixed:np3661","43.462910634","-3.800435364"
"2015-08-27T07:12:30.000Z","43.462904794,-3.800492361","true","urn:smartsantander:entityType:parkingSensor","urn:x-iot:smartsantander:u7jcfa:fixed:np3660","43.462904794","-3.800492361"
"2015-12-28T05:36:35.000Z","43.462900413,-3.800541312","true","urn:smartsantander:entityType:parkingSensor","urn:x-iot:smartsantander:u7jcfa:fixed:np3659","43.462900413","-3.800541312"
"2015-12-26T17:53:34.000Z","43.462895060,-3.800608367","true","urn:smartsantander:entityType:parkingSensor","urn:x-iot:smartsantander:u7jcfa:fixed:np3658","43.462895060","-3.800608367"
"2015-12-28T06:40:06.000Z","43.463198954,-3.797444442","false","urn:smartsantander:entityType:parkingSensor","urn:x-iot:smartsantander:u7jcfa:fixed:np3657","43.463198954","-3.797444442"
"2015-12-28T06:29:42.000Z","43.463195548,-3.797500769","false","urn:smartsantander:entityType:parkingSensor","urn:x-iot:smartsantander:u7jcfa:fixed:np3656","43.463195548","-3.797500769"
"2015-12-28T06:07:52.000Z","43.463188247,-3.797565142","true","urn:smartsantander:entityType:parkingSensor","urn:x-iot:smartsantander:u7jcfa:fixed:np3655","43.463188247","-3.797565142"
"2015-12-28T06:56:14.000Z","43.463181920,-3.797622139","false","urn:smartsantander:entityType:parkingSensor","urn:x-iot:smartsantander:u7jcfa:fixed:np3654","43.463181920","-3.797622139"
"2015-12-28T07:18:46.000Z","43.463176566,-3.797684500","false","urn:smartsantander:entityType:parkingSensor","urn:x-iot:smartsantander:u7jcfa:fixed:np3653","43.463176566","-3.797684500"
"2014-10-31T09:04:19.000Z","43.463171699,-3.797738144","true","urn:smartsantander:entityType:parkingSensor","urn:x-iot:smartsantander:u7jcfa:fixed:np3652","43.463171699","-3.797738144"
"2015-12-23T20:21:15.000Z","43.463160992,-3.797851468","true","urn:smartsantander:entityType:parkingSensor","urn:x-iot:smartsantander:u7jcfa:fixed:np3650","43.463160992","-3.797851468"
"2015-12-28T05:47:35.000Z","43.463155638,-3.797905782","true","urn:smartsantander:entityType:parkingSensor","urn:x-iot:smartsantander:u7jcfa:fixed:np3649","43.463155638","-3.797905782"
"2015-12-27T19:36:58.000Z","43.463255703,-3.799819127","true","urn:smartsantander:entityType:parkingSensor","urn:x-iot:smartsantander:u7jcfa:fixed:np3648","43.463255703","-3.799819127"
"2015-12-28T07:12:10.000Z","43.463248890,-3.799871430","true","urn:smartsantander:entityType:parkingSensor","urn:x-iot:smartsantander:u7jcfa:fixed:np3647","43.463248890","-3.799871430"
"2015-12-27T09:04:08.000Z","43.463243536,-3.799929768","true","urn:smartsantander:entityType:parkingSensor","urn:x-iot:smartsantander:u7jcfa:fixed:np3646","43.463243536","-3.799929768"
"2015-12-28T06:52:04.000Z","43.463236236,-3.800002187","true","urn:smartsantander:entityType:parkingSensor","urn:x-iot:smartsantander:u7jcfa:fixed:np3645","43.463236236","-3.800002187"
"2015-12-28T07:43:36.000Z","43.463232342,-3.800062537","true","urn:smartsantander:entityType:parkingSensor","urn:x-iot:smartsantander:u7jcfa:fixed:np3644","43.463232342","-3.800062537"
"2015-12-26T08:43:12.000Z","43.463227475,-3.800114170","true","urn:smartsantander:entityType:parkingSensor","urn:x-iot:smartsantander:u7jcfa:fixed:np3643","43.463227475","-3.800114170"
"2015-12-26T00:32:23.000Z","43.463220175,-3.800171167","true","urn:smartsantander:entityType:parkingSensor","urn:x-iot:smartsantander:u7jcfa:fixed:np3642","43.463220175","-3.800171167"
"2015-12-28T07:33:20.000Z","43.463214334,-3.800228164","false","urn:smartsantander:entityType:parkingSensor","urn:x-iot:smartsantander:u7jcfa:fixed:np3641","43.463214334","-3.800228164"
"2015-12-28T07:33:48.000Z","43.463209467,-3.800277784","true","urn:smartsantander:entityType:parkingSensor","urn:x-iot:smartsantander:u7jcfa:fixed:np3640","43.463209467","-3.800277784"
"2015-12-24T21:33:11.000Z","43.463202653,-3.800324723","true","urn:smartsantander:entityType:parkingSensor","urn:x-iot:smartsantander:u7jcfa:fixed:np3639","43.463202653","-3.800324723"
"2015-12-26T13:35:08.000Z","43.463205574,-3.800369650","true","urn:smartsantander:entityType:parkingSensor","urn:x-iot:smartsantander:u7jcfa:fixed:np3638","43.463205574","-3.800369650"
"2015-12-27T20:15:45.000Z","43.463197300,-3.800435364","true","urn:smartsantander:entityType:parkingSensor","urn:x-iot:smartsantander:u7jcfa:fixed:np3637","43.463197300","-3.800435364"
"2015-12-28T08:13:22.000Z","43.463189026,-3.800508454","true","urn:smartsantander:entityType:parkingSensor","urn:x-iot:smartsantander:u7jcfa:fixed:np3636","43.463189026","-3.800508454"
"2015-12-28T06:42:36.000Z","43.463145710,-3.800924867","true","urn:smartsantander:entityType:parkingSensor","urn:x-iot:smartsantander:u7jcfa:fixed:np3635","43.463145710","-3.800924867"
"2015-11-20T09:09:59.000Z","43.463139869,-3.800988570","true","urn:smartsantander:entityType:parkingSensor","urn:x-iot:smartsantander:u7jcfa:fixed:np3634","43.463139869","-3.800988570"
"2015-12-28T06:44:46.000Z","43.463135976,-3.801044226","true","urn:smartsantander:entityType:parkingSensor","urn:x-iot:smartsantander:u7jcfa:fixed:np3633","43.463135976","-3.801044226"
"2015-12-22T09:58:18.000Z","43.463130622,-3.801095858","true","urn:smartsantander:entityType:parkingSensor","urn:x-iot:smartsantander:u7jcfa:fixed:np3632","43.463130622","-3.801095858"
"2015-12-27T17:57:20.000Z","43.463122835,-3.801172972","true","urn:smartsantander:entityType:parkingSensor","urn:x-iot:smartsantander:u7jcfa:fixed:np3631","43.463122835","-3.801172972"
"2015-12-27T18:02:22.000Z","43.463873843,-3.799422455","true","urn:smartsantander:entityType:parkingSensor","urn:x-iot:smartsantander:u7jcfa:fixed:np3923","43.463873843","-3.799422455"
"2015-12-28T06:26:16.000Z","43.463917645,-3.799430501","false","urn:smartsantander:entityType:parkingSensor","urn:x-iot:smartsantander:u7jcfa:fixed:np3922","43.463917645","-3.799430501"
"2015-12-27T14:20:44.000Z","43.463967775,-3.799439889","true","urn:smartsantander:entityType:parkingSensor","urn:x-iot:smartsantander:u7jcfa:fixed:np3921","43.463967775","-3.799439889"
"2015-12-18T14:37:18.000Z","43.464012550,-3.799446595","true","urn:smartsantander:entityType:parkingSensor","urn:x-iot:smartsantander:u7jcfa:fixed:np3920","43.464012550","-3.799446595"
"2015-12-27T22:00:25.000Z","43.464058299,-3.799454641","false","urn:smartsantander:entityType:parkingSensor","urn:x-iot:smartsantander:u7jcfa:fixed:np3919","43.464058299","-3.799454641"
"2015-12-28T06:56:08.000Z","43.463958528,-3.797964004","true","urn:smartsantander:entityType:parkingSensor","urn:x-iot:smartsantander:u7jcfa:fixed:np3918","43.463958528","-3.797964004"
"2015-12-28T08:57:40.000Z","43.463965341,-3.797900972","true","urn:smartsantander:entityType:parkingSensor","urn:x-iot:smartsantander:u7jcfa:fixed:np3917","43.463965341","-3.797900972"
"2015-12-28T08:24:18.000Z","43.463971182,-3.797848669","true","urn:smartsantander:entityType:parkingSensor","urn:x-iot:smartsantander:u7jcfa:fixed:np3916","43.463971182","-3.797848669"
"2015-12-19T08:27:12.000Z","43.463983349,-3.797746745","true","urn:smartsantander:entityType:parkingSensor","urn:x-iot:smartsantander:u7jcfa:fixed:np3915","43.463983349","-3.797746745"
"2015-12-28T07:11:01.000Z","43.464278770,-3.800559711","true","urn:smartsantander:entityType:parkingSensor","urn:x-iot:smartsantander:u7jcfa:fixed:np3900","43.464278770","-3.800559711"
"2015-12-28T08:22:28.000Z","43.464286070,-3.800451752","true","urn:smartsantander:entityType:parkingSensor","urn:x-iot:smartsantander:u7jcfa:fixed:np3902","43.464286070","-3.800451752"
"2015-11-10T14:54:28.000Z","43.464283150,-3.800504726","true","urn:smartsantander:entityType:parkingSensor","urn:x-iot:smartsantander:u7jcfa:fixed:np3901","43.464283150","-3.800504726"
"2015-12-09T17:33:47.000Z","43.462981729,-3.802627695","true","urn:smartsantander:entityType:parkingSensor","urn:x-iot:smartsantander:u7jcfa:fixed:np3914","43.462981729","-3.802627695"
"2015-12-28T06:35:28.000Z","43.462977349,-3.802682009","true","urn:smartsantander:entityType:parkingSensor","urn:x-iot:smartsantander:u7jcfa:fixed:np3913","43.462977349","-3.802682009"
"2015-12-26T12:20:52.000Z","43.464298724,-3.800263327","true","urn:smartsantander:entityType:parkingSensor","urn:x-iot:smartsantander:u7jcfa:fixed:np3905","43.464298724","-3.800263327"
"2015-12-27T12:48:27.000Z","43.464372294,-3.799266612","true","urn:smartsantander:entityType:parkingSensor","urn:x-iot:smartsantander:u7jcfa:fixed:np3910","43.464372294","-3.799266612"
"2015-12-27T21:43:14.000Z","43.464365967,-3.799330985","true","urn:smartsantander:entityType:parkingSensor","urn:x-iot:smartsantander:u7jcfa:fixed:np3909","43.464365967","-3.799330985"
"2015-12-28T07:56:26.000Z","43.464359640,-3.799406087","true","urn:smartsantander:entityType:parkingSensor","urn:x-iot:smartsantander:u7jcfa:fixed:np3908","43.464359640","-3.799406087"
"2015-12-28T06:05:51.000Z","43.464294831,-3.800328371","true","urn:smartsantander:entityType:parkingSensor","urn:x-iot:smartsantander:u7jcfa:fixed:np3904","43.464294831","-3.800328371"
"2015-12-28T08:22:34.000Z","43.464290450,-3.800392744","true","urn:smartsantander:entityType:parkingSensor","urn:x-iot:smartsantander:u7jcfa:fixed:np3903","43.464290450","-3.800392744"
"2015-12-27T15:37:59.000Z","43.464340659,-3.799633404","true","urn:smartsantander:entityType:parkingSensor","urn:x-iot:smartsantander:u7jcfa:fixed:np3907","43.464340659","-3.799633404"
"2015-12-25T18:47:23.000Z","43.464333845,-3.799705824","true","urn:smartsantander:entityType:parkingSensor","urn:x-iot:smartsantander:u7jcfa:fixed:np3906","43.464333845","-3.799705824"
"2015-12-28T08:03:00.000Z","43.462964208,-3.802810755","true","urn:smartsantander:entityType:parkingSensor","urn:x-iot:smartsantander:u7jcfa:fixed:np3911","43.462964208","-3.802810755"
"2015-12-28T06:39:42.000Z","43.462970049,-3.802751076","true","urn:smartsantander:entityType:parkingSensor","urn:x-iot:smartsantander:u7jcfa:fixed:np3912","43.462970049","-3.802751076"
"2015-12-27T23:19:31.000Z","43.463986232,-3.798553124","true","urn:smartsantander:entityType:parkingSensor","urn:x-iot:smartsantander:u7jcfa:fixed:np3899","43.463986232","-3.798553124"
"2015-12-27T06:13:11.000Z","43.464030521,-3.798561171","true","urn:smartsantander:entityType:parkingSensor","urn:x-iot:smartsantander:u7jcfa:fixed:np3898","43.464030521","-3.798561171"
"2015-12-26T18:04:33.000Z","43.464075783,-3.798569888","true","urn:smartsantander:entityType:parkingSensor","urn:x-iot:smartsantander:u7jcfa:fixed:np3897","43.464075783","-3.798569888"
"2015-12-27T18:19:22.000Z","43.464118612,-3.798577264","true","urn:smartsantander:entityType:parkingSensor","urn:x-iot:smartsantander:u7jcfa:fixed:np3896","43.464118612","-3.798577264"
"2015-12-27T17:56:46.000Z","43.464157060,-3.798581958","true","urn:smartsantander:entityType:parkingSensor","urn:x-iot:smartsantander:u7jcfa:fixed:np3895","43.464157060","-3.798581958"
"2015-12-27T21:53:43.000Z","43.464207189,-3.798590675","false","urn:smartsantander:entityType:parkingSensor","urn:x-iot:smartsantander:u7jcfa:fixed:np3894","43.464207189","-3.798590675"
"2015-12-27T19:09:52.000Z","43.464248071,-3.798598722","true","urn:smartsantander:entityType:parkingSensor","urn:x-iot:smartsantander:u7jcfa:fixed:np3893","43.464248071","-3.798598722"
"2015-12-26T15:43:18.000Z","43.464289440,-3.798607439","true","urn:smartsantander:entityType:parkingSensor","urn:x-iot:smartsantander:u7jcfa:fixed:np3892","43.464289440","-3.798607439"
"2015-12-27T14:19:40.000Z","43.464339082,-3.798615485","true","urn:smartsantander:entityType:parkingSensor","urn:x-iot:smartsantander:u7jcfa:fixed:np3891","43.464339082","-3.798615485"
"2015-12-22T09:40:45.000Z","43.464697540,-3.797078813","true","urn:smartsantander:entityType:parkingSensor","urn:x-iot:smartsantander:u7jcfa:fixed:np3890","43.464697540","-3.797078813"
"2015-12-28T08:24:34.000Z","43.464689267,-3.797145868","false","urn:smartsantander:entityType:parkingSensor","urn:x-iot:smartsantander:u7jcfa:fixed:np3889","43.464689267","-3.797145868"
"2015-12-28T08:12:06.000Z","43.464680993,-3.797203535","false","urn:smartsantander:entityType:parkingSensor","urn:x-iot:smartsantander:u7jcfa:fixed:np3888","43.464680993","-3.797203535"
"2015-12-28T07:44:48.000Z","43.464673693,-3.797254497","true","urn:smartsantander:entityType:parkingSensor","urn:x-iot:smartsantander:u7jcfa:fixed:np3887","43.464673693","-3.797254497"
"2015-12-27T23:25:15.000Z","43.464662499,-3.797318200","true","urn:smartsantander:entityType:parkingSensor","urn:x-iot:smartsantander:u7jcfa:fixed:np3886","43.464662499","-3.797318200"
"2015-12-25T04:49:52.000Z","43.464653252,-3.797379220","true","urn:smartsantander:entityType:parkingSensor","urn:x-iot:smartsantander:u7jcfa:fixed:np3885","43.464653252","-3.797379220"
"2015-12-27T23:10:55.000Z","43.464645465,-3.797435546","true","urn:smartsantander:entityType:parkingSensor","urn:x-iot:smartsantander:u7jcfa:fixed:np3884","43.464645465","-3.797435546"
"2015-12-28T07:32:06.000Z","43.464634271,-3.797499249","false","urn:smartsantander:entityType:parkingSensor","urn:x-iot:smartsantander:u7jcfa:fixed:np3883","43.464634271","-3.797499249"
"2015-12-28T07:51:27.000Z","43.464626971,-3.797552893","false","urn:smartsantander:entityType:parkingSensor","urn:x-iot:smartsantander:u7jcfa:fixed:np3882","43.464626971","-3.797552893"
"2015-12-28T08:10:11.000Z","43.464615777,-3.797613913","false","urn:smartsantander:entityType:parkingSensor","urn:x-iot:smartsantander:u7jcfa:fixed:np3881","43.464615777","-3.797613913"
"2015-12-28T08:21:59.000Z","43.464605070,-3.797676275","true","urn:smartsantander:entityType:parkingSensor","urn:x-iot:smartsantander:u7jcfa:fixed:np3880","43.464605070","-3.797676275"
"2015-12-22T13:05:23.000Z","43.464472691,-3.798667351","false","urn:smartsantander:entityType:parkingSensor","urn:x-iot:smartsantander:u7jcfa:fixed:np3879","43.464472691","-3.798667351"
"2015-12-28T05:52:01.000Z","43.464466851,-3.798725689","false","urn:smartsantander:entityType:parkingSensor","urn:x-iot:smartsantander:u7jcfa:fixed:np3878","43.464466851","-3.798725689"
"2015-12-27T14:55:19.000Z","43.464462471,-3.798786709","true","urn:smartsantander:entityType:parkingSensor","urn:x-iot:smartsantander:u7jcfa:fixed:np3877","43.464462471","-3.798786709"
"2015-12-23T10:51:37.000Z","43.464455657,-3.798849071","true","urn:smartsantander:entityType:parkingSensor","urn:x-iot:smartsantander:u7jcfa:fixed:np3876","43.464455657","-3.798849071"
"2015-12-26T09:33:04.000Z","43.464447870,-3.798922161","true","urn:smartsantander:entityType:parkingSensor","urn:x-iot:smartsantander:u7jcfa:fixed:np3875","43.464447870","-3.798922161"
"2015-12-28T06:32:39.000Z","43.464443490,-3.798983181","false","urn:smartsantander:entityType:parkingSensor","urn:x-iot:smartsantander:u7jcfa:fixed:np3874","43.464443490","-3.798983181"
"2015-12-25T14:41:07.000Z","43.464655294,-3.797071185","true","urn:smartsantander:entityType:parkingSensor","urn:x-iot:smartsantander:u7jcfa:fixed:np3873","43.464655294","-3.797071185"
"2015-12-27T01:09:11.000Z","43.464647021,-3.797126841","true","urn:smartsantander:entityType:parkingSensor","urn:x-iot:smartsantander:u7jcfa:fixed:np3872","43.464647021","-3.797126841"
"2015-12-28T08:24:20.000Z","43.464603123,-3.797393302","false","urn:smartsantander:entityType:parkingSensor","urn:x-iot:smartsantander:u7jcfa:fixed:np3871","43.464603123","-3.797393302"
"2015-12-28T08:24:18.000Z","43.464594363,-3.797451640","false","urn:smartsantander:entityType:parkingSensor","urn:x-iot:smartsantander:u7jcfa:fixed:np3870","43.464594363","-3.797451640"
"2015-12-28T01:24:49.000Z","43.464581709,-3.797526742","true","urn:smartsantander:entityType:parkingSensor","urn:x-iot:smartsantander:u7jcfa:fixed:np3869","43.464581709","-3.797526742"
"2015-12-28T01:24:37.000Z","43.464570515,-3.797591115","false","urn:smartsantander:entityType:parkingSensor","urn:x-iot:smartsantander:u7jcfa:fixed:np3868","43.464570515","-3.797591115"
"2015-12-28T08:09:57.000Z","43.464561268,-3.797649453","true","urn:smartsantander:entityType:parkingSensor","urn:x-iot:smartsantander:u7jcfa:fixed:np3867","43.464561268","-3.797649453"
"2015-12-28T08:27:07.000Z","43.464550561,-3.797720531","true","urn:smartsantander:entityType:parkingSensor","urn:x-iot:smartsantander:u7jcfa:fixed:np3866","43.464550561","-3.797720531"
"2015-12-28T07:59:59.000Z","43.464536934,-3.797787586","false","urn:smartsantander:entityType:parkingSensor","urn:x-iot:smartsantander:u7jcfa:fixed:np3865","43.464536934","-3.797787586"
"2015-12-27T15:05:15.000Z","43.464508315,-3.797995206","true","urn:smartsantander:entityType:parkingSensor","urn:x-iot:smartsantander:u7jcfa:fixed:np3864","43.464508315","-3.797995206"
"2015-12-27T11:29:14.000Z","43.464499068,-3.798052873","true","urn:smartsantander:entityType:parkingSensor","urn:x-iot:smartsantander:u7jcfa:fixed:np3863","43.464499068","-3.798052873"
"2015-12-28T06:54:45.000Z","43.464492254,-3.798105176","true","urn:smartsantander:entityType:parkingSensor","urn:x-iot:smartsantander:u7jcfa:fixed:np3862","43.464492254","-3.798105176"
"2015-12-23T18:48:02.000Z","43.464483007,-3.798156138","true","urn:smartsantander:entityType:parkingSensor","urn:x-iot:smartsantander:u7jcfa:fixed:np3861","43.464483007","-3.798156138"
"2015-12-26T10:18:32.000Z","43.464473274,-3.798217829","false","urn:smartsantander:entityType:parkingSensor","urn:x-iot:smartsantander:u7jcfa:fixed:np3860","43.464473274","-3.798217829"
"2015-12-27T10:20:35.000Z","43.464461106,-3.798326459","true","urn:smartsantander:entityType:parkingSensor","urn:x-iot:smartsantander:u7jcfa:fixed:np3859","43.464461106","-3.798326459"
"2015-12-28T03:37:49.000Z","43.464456240,-3.798368033","false","urn:smartsantander:entityType:parkingSensor","urn:x-iot:smartsantander:u7jcfa:fixed:np3858","43.464456240","-3.798368033"
"2015-12-28T00:25:36.000Z","43.464448939,-3.798414972","true","urn:smartsantander:entityType:parkingSensor","urn:x-iot:smartsantander:u7jcfa:fixed:np3857","43.464448939","-3.798414972"
"2015-12-26T19:55:58.000Z","43.464441639,-3.798463922","true","urn:smartsantander:entityType:parkingSensor","urn:x-iot:smartsantander:u7jcfa:fixed:np3856","43.464441639","-3.798463922"
"2015-12-27T06:20:37.000Z","43.464414289,-3.798762569","true","urn:smartsantander:entityType:parkingSensor","urn:x-iot:smartsantander:u7jcfa:fixed:np3855","43.464414289","-3.798762569"
"2015-12-24T17:55:53.000Z","43.464406988,-3.798844377","true","urn:smartsantander:entityType:parkingSensor","urn:x-iot:smartsantander:u7jcfa:fixed:np3854","43.464406988","-3.798844377"
"2015-12-24T20:04:03.000Z","43.464401148,-3.798904056","true","urn:smartsantander:entityType:parkingSensor","urn:x-iot:smartsantander:u7jcfa:fixed:np3853","43.464401148","-3.798904056"
"2015-12-28T08:10:38.000Z","43.464393848,-3.798975805","false","urn:smartsantander:entityType:parkingSensor","urn:x-iot:smartsantander:u7jcfa:fixed:np3852","43.464393848","-3.798975805"
"2015-12-27T18:47:24.000Z","43.464382654,-3.799103210","true","urn:smartsantander:entityType:parkingSensor","urn:x-iot:smartsantander:u7jcfa:fixed:np3851","43.464382654","-3.799103210"
"2015-12-28T06:33:58.000Z","43.464051448,-3.797010183","true","urn:smartsantander:entityType:parkingSensor","urn:x-iot:smartsantander:u7jcfa:fixed:np3850","43.464051448","-3.797010183"
"2015-12-28T01:23:39.000Z","43.464046581,-3.797063157","true","urn:smartsantander:entityType:parkingSensor","urn:x-iot:smartsantander:u7jcfa:fixed:np3849","43.464046581","-3.797063157"
"2015-12-28T08:14:52.000Z","43.464037334,-3.797136918","true","urn:smartsantander:entityType:parkingSensor","urn:x-iot:smartsantander:u7jcfa:fixed:np3848","43.464037334","-3.797136918"
"2015-12-28T08:14:48.000Z","43.464030034,-3.797212690","true","urn:smartsantander:entityType:parkingSensor","urn:x-iot:smartsantander:u7jcfa:fixed:np3847","43.464030034","-3.797212690"
"2015-12-28T08:31:02.000Z","43.464024680,-3.797288463","true","urn:smartsantander:entityType:parkingSensor","urn:x-iot:smartsantander:u7jcfa:fixed:np3846","43.464024680","-3.797288463"
"2015-12-26T17:56:15.000Z","43.464010059,-3.797441092","true","urn:smartsantander:entityType:parkingSensor","urn:x-iot:smartsantander:u7jcfa:fixed:np3845","43.464010059","-3.797441092"
"2015-12-28T08:06:18.000Z","43.464000812,-3.797539664","false","urn:smartsantander:entityType:parkingSensor","urn:x-iot:smartsantander:u7jcfa:fixed:np3844","43.464000812","-3.797539664"
"2015-12-28T08:23:16.000Z","43.463993512,-3.797612754","true","urn:smartsantander:entityType:parkingSensor","urn:x-iot:smartsantander:u7jcfa:fixed:np3843","43.463993512","-3.797612754"
"2015-12-28T06:52:16.000Z","43.463990592,-3.797665727","true","urn:smartsantander:entityType:parkingSensor","urn:x-iot:smartsantander:u7jcfa:fixed:np3842","43.463990592","-3.797665727"
"1970-01-01T00:00:08.000Z","43.463941943,-3.798125982","true","urn:smartsantander:entityType:parkingSensor","urn:x-iot:smartsantander:u7jcfa:fixed:np3841","43.463941943","-3.798125982"
"2014-12-06T01:24:54.000Z","43.463935129,-3.798183650","true","urn:smartsantander:entityType:parkingSensor","urn:x-iot:smartsantander:u7jcfa:fixed:np3840","43.463935129","-3.798183650"
"2015-04-11T22:54:37.000Z","43.463930262,-3.798237294","true","urn:smartsantander:entityType:parkingSensor","urn:x-iot:smartsantander:u7jcfa:fixed:np3839","43.463930262","-3.798237294"
"2015-12-28T07:51:42.000Z","43.463923935,-3.798297644","true","urn:smartsantander:entityType:parkingSensor","urn:x-iot:smartsantander:u7jcfa:fixed:np3838","43.463923935","-3.798297644"
"1970-01-01T00:00:08.000Z","43.463919555,-3.798343241","true","urn:smartsantander:entityType:parkingSensor","urn:x-iot:smartsantander:u7jcfa:fixed:np3837","43.463919555","-3.798343241"
"2015-11-24T18:34:49.000Z","43.463880113,-3.798749340","true","urn:smartsantander:entityType:parkingSensor","urn:x-iot:smartsantander:u7jcfa:fixed:np3836","43.463880113","-3.798749340"
"2015-12-27T15:13:41.000Z","43.463874272,-3.798815054","true","urn:smartsantander:entityType:parkingSensor","urn:x-iot:smartsantander:u7jcfa:fixed:np3835","43.463874272","-3.798815054"
"2015-12-26T16:03:36.000Z","43.463867459,-3.798882780","true","urn:smartsantander:entityType:parkingSensor","urn:x-iot:smartsantander:u7jcfa:fixed:np3834","43.463867459","-3.798882780"
"2015-12-27T21:42:34.000Z","43.463861618,-3.798937765","true","urn:smartsantander:entityType:parkingSensor","urn:x-iot:smartsantander:u7jcfa:fixed:np3833","43.463861618","-3.798937765"
"2015-12-27T20:13:55.000Z","43.463856265,-3.798999456","true","urn:smartsantander:entityType:parkingSensor","urn:x-iot:smartsantander:u7jcfa:fixed:np3832","43.463856265","-3.798999456"
"2015-12-27T17:54:08.000Z","43.463853344,-3.799055782","true","urn:smartsantander:entityType:parkingSensor","urn:x-iot:smartsantander:u7jcfa:fixed:np3831","43.463853344","-3.799055782"
"2015-12-28T05:57:18.000Z","43.463844584,-3.799114791","true","urn:smartsantander:entityType:parkingSensor","urn:x-iot:smartsantander:u7jcfa:fixed:np3830","43.463844584","-3.799114791"
"2015-12-27T22:55:31.000Z","43.463133312,-3.798130239","true","urn:smartsantander:entityType:parkingSensor","urn:x-iot:smartsantander:u7jcfa:fixed:np3829","43.463133312","-3.798130239"
"2015-12-26T16:21:40.000Z","43.463144993,-3.798024291","true","urn:smartsantander:entityType:parkingSensor","urn:x-iot:smartsantander:u7jcfa:fixed:np3828","43.463144993","-3.798024291"
"2015-12-27T22:37:01.000Z","43.463149373,-3.797963271","true","urn:smartsantander:entityType:parkingSensor","urn:x-iot:smartsantander:u7jcfa:fixed:np3827","43.463149373","-3.797963271"
"2015-12-28T06:05:18.000Z","43.463124161,-3.799650799","false","urn:smartsantander:entityType:parkingSensor","urn:x-iot:smartsantander:u7jcfa:fixed:np3821","43.463124161","-3.799650799"
"2015-12-28T06:50:00.000Z","43.463174777,-3.799659517","false","urn:smartsantander:entityType:parkingSensor","urn:x-iot:smartsantander:u7jcfa:fixed:np3820","43.463174777","-3.799659517"
"2015-12-27T22:44:17.000Z","43.464240284,-3.799855337","true","urn:smartsantander:entityType:parkingSensor","urn:x-iot:smartsantander:u7jcfa:fixed:np3804","43.464240284","-3.799855337"
"2015-12-28T07:31:32.000Z","43.463131948,-3.799587097","true","urn:smartsantander:entityType:parkingSensor","urn:x-iot:smartsantander:u7jcfa:fixed:np3798","43.463131948","-3.799587097"
"2015-12-23T12:23:12.000Z","43.463174291,-3.799593802","true","urn:smartsantander:entityType:parkingSensor","urn:x-iot:smartsantander:u7jcfa:fixed:np3797","43.463174291","-3.799593802"
"2015-12-28T07:08:36.000Z","43.463218580,-3.799603861","false","urn:smartsantander:entityType:parkingSensor","urn:x-iot:smartsantander:u7jcfa:fixed:np3796","43.463218580","-3.799603861"
"2015-11-13T17:26:02.000Z","43.463258976,-3.799608555","true","urn:smartsantander:entityType:parkingSensor","urn:x-iot:smartsantander:u7jcfa:fixed:np3795","43.463258976","-3.799608555"
"2015-12-24T19:13:34.000Z","43.463476157,-3.799646539","true","urn:smartsantander:entityType:parkingSensor","urn:x-iot:smartsantander:u7jcfa:fixed:np3794","43.463476157","-3.799646539"
"2015-12-26T21:08:22.000Z","43.463517039,-3.799656597","true","urn:smartsantander:entityType:parkingSensor","urn:x-iot:smartsantander:u7jcfa:fixed:np3793","43.463517039","-3.799656597"
"2015-12-27T20:26:45.000Z","43.463549161,-3.799664644","true","urn:smartsantander:entityType:parkingSensor","urn:x-iot:smartsantander:u7jcfa:fixed:np3792","43.463549161","-3.799664644"
"2015-12-28T04:45:19.000Z","43.463590530,-3.799672690","false","urn:smartsantander:entityType:parkingSensor","urn:x-iot:smartsantander:u7jcfa:fixed:np3791","43.463590530","-3.799672690"
"2015-12-28T05:47:41.000Z","43.463166346,-3.797793130","true","urn:smartsantander:entityType:parkingSensor","urn:x-iot:smartsantander:u7jcfa:fixed:np3651","43.463166346","-3.797793130"
"2015-12-28T07:00:03.000Z","43.463583602,-3.798412289","true","urn:smartsantander:entityType:parkingSensor","urn:x-iot:smartsantander:u7jcfa:fixed:np3752","43.463583602","-3.798412289"
"2015-10-08T11:06:22.000Z","43.463628979,-3.799679396","true","urn:smartsantander:entityType:parkingSensor","urn:x-iot:smartsantander:u7jcfa:fixed:np3790","43.463628979","-3.799679396"
"2015-12-27T07:38:34.000Z","43.463671321,-3.799684090","true","urn:smartsantander:entityType:parkingSensor","urn:x-iot:smartsantander:u7jcfa:fixed:np3789","43.463671321","-3.799684090"
